{"cameraMode":{"drawMode":0,"name":"Shaded","section":"Shading Mode"},"sceneLighting":false,"audioPlay":false,"sceneViewState":{"showFog":true,"showMaterialUpdate":false,"showSkybox":false,"showFlares":true,"showImageEffects":true,"showParticleSystems":true},"in2DMode":false,"pivot":{"x":0.17523999512195588,"y":0.20577698945999146,"z":-0.09200000762939453},"rotation":{"x":0.018984124064445497,"y":-0.14289414882659913,"z":-0.002797552850097418,"w":-0.9895756840705872},"size":0.2788865566253662,"orthographic":false}