{"cameraMode":{"drawMode":0,"name":"Shaded","section":"Shading Mode"},"sceneLighting":true,"audioPlay":false,"sceneViewState":{"showFog":true,"showMaterialUpdate":false,"showSkybox":true,"showFlares":true,"showImageEffects":true,"showParticleSystems":true},"in2DMode":false,"pivot":{"x":0.011250004172325135,"y":0.19200001657009126,"z":-0.0925000011920929},"rotation":{"x":0.2200573831796646,"y":0.2032729685306549,"z":-0.04635564610362053,"w":0.9530154466629028},"size":0.37455707788467409,"orthographic":false}