{"cameraMode":{"drawMode":0,"name":"Shaded","section":"Shading Mode"},"sceneLighting":true,"audioPlay":false,"sceneViewState":{"showFog":true,"showMaterialUpdate":false,"showSkybox":true,"showFlares":true,"showImageEffects":true,"showParticleSystems":true},"in2DMode":false,"pivot":{"x":-0.3309810161590576,"y":0.0768883153796196,"z":0.09325632452964783},"rotation":{"x":0.028740746900439264,"y":-0.052425261586904529,"z":0.0020549576729536058,"w":0.9982748627662659},"size":2.0925333499908449,"orthographic":false}