{"cameraMode":{"drawMode":0,"name":"Shaded","section":"Shading Mode"},"sceneLighting":false,"audioPlay":false,"sceneViewState":{"showFog":true,"showMaterialUpdate":false,"showSkybox":false,"showFlares":true,"showImageEffects":true,"showParticleSystems":true},"in2DMode":false,"pivot":{"x":-7.450580596923828e-9,"y":-7.450580596923828e-9,"z":0.012786852195858956},"rotation":{"x":-0.039282891899347308,"y":-0.030879400670528413,"z":0.0011856858618557454,"w":-0.9987687468528748},"size":0.23681552708148957,"orthographic":false}