{"cameraMode":{"drawMode":0,"name":"Shaded","section":"Shading Mode"},"sceneLighting":true,"audioPlay":false,"sceneViewState":{"showFog":true,"showMaterialUpdate":false,"showSkybox":true,"showFlares":true,"showImageEffects":true,"showParticleSystems":true},"in2DMode":false,"pivot":{"x":-0.0014240089803934098,"y":0.055892691016197208,"z":-0.004316756967455149},"rotation":{"x":0.01380838081240654,"y":-0.0044630435295403,"z":0.0007990543381310999,"w":0.999979555606842},"size":0.9140321612358093,"orthographic":false}