{"cameraMode":{"drawMode":0,"name":"Shaded","section":"Shading Mode"},"sceneLighting":true,"audioPlay":false,"sceneViewState":{"showFog":true,"showMaterialUpdate":false,"showSkybox":true,"showFlares":true,"showImageEffects":true,"showParticleSystems":true},"in2DMode":false,"pivot":{"x":-0.0992441400885582,"y":0.14561793208122254,"z":-0.09834304451942444},"rotation":{"x":-0.039282891899347308,"y":-0.030879400670528413,"z":0.0011856858618557454,"w":-0.9987687468528748},"size":0.712500274181366,"orthographic":false}