{"cameraMode":{"drawMode":0,"name":"Shaded","section":"Shading Mode"},"sceneLighting":false,"audioPlay":false,"sceneViewState":{"showFog":true,"showMaterialUpdate":false,"showSkybox":false,"showFlares":true,"showImageEffects":true,"showParticleSystems":true},"in2DMode":false,"pivot":{"x":0.02250000834465027,"y":-0.009999997913837433,"z":-0.029500000178813936},"rotation":{"x":-0.07668708264827728,"y":-0.035292353481054309,"z":0.00271645188331604,"w":-0.9964377284049988},"size":1.9170883893966675,"orthographic":false}