{"cameraMode":{"drawMode":0,"name":"Shaded","section":"Shading Mode"},"sceneLighting":false,"audioPlay":false,"sceneViewState":{"showFog":true,"showMaterialUpdate":false,"showSkybox":false,"showFlares":true,"showImageEffects":true,"showParticleSystems":true},"in2DMode":false,"pivot":{"x":-0.004999980330467224,"y":0.030625008046627046,"z":1.2000000476837159},"rotation":{"x":-0.010810023173689843,"y":-0.0009047755156643689,"z":-0.0000015676494058425306,"w":-0.9999547004699707},"size":1.2773537635803223,"orthographic":false}