{"cameraMode":{"drawMode":0,"name":"Shaded","section":"Shading Mode"},"sceneLighting":true,"audioPlay":false,"sceneViewState":{"showFog":true,"showMaterialUpdate":false,"showSkybox":true,"showFlares":true,"showImageEffects":true,"showParticleSystems":true},"in2DMode":false,"pivot":{"x":-0.05005346238613129,"y":0.0517408512532711,"z":0.0003664995892904699},"rotation":{"x":-0.020671352744102479,"y":0.019506309181451799,"z":0.0011142889270558954,"w":0.999677300453186},"size":0.6498554944992065,"orthographic":false}